申請日時,ステータス,相手ID,希望カード,希望星,希望シリーズ,相手所持,候補1,候補1星,候補1シリーズ,自分所持1,候補2,候補2星,候補2シリーズ,自分所持2,候補3,候補3星,候補3シリーズ,自分所持3
"2026-04-15T01:07:11.000+09:00","キャンセル","hp12","八木栞","★★★","Hello! Project AUTUMN TOUR 2024 Vol.4","1","福田真琳","★★★","Hello! Project SPRING TOUR 2025 Vol.4","2","岡村美波","★★★","Hello! Project SPRING TOUR 2025 Vol.5","2","","","",""
"2026-04-15T01:11:28.000+09:00","成立","aki_","小田さくら","★","Hello! Project 2024 Winter 〜THREE OF US〜Vol.1","1","下井谷幸穂","★","Hello! Project SPRING TOUR 2025 Vol.2","0","","","","","","","",""
"2026-04-15T14:22:00.000+09:00","成立","TS_JBG","後藤花","★","Hello! Project AUTUMN TOUR 2024 Vol.2","4","北原もも","★","Hello! Project SPRING TOUR 2025 Vol.6","2","","","","","","","",""
"2026-04-15T21:04:57.000+09:00","成立","asm_","横山玲奈","★","Hello! Project 2024 Winter 〜THREE OF US〜Vol.1","1","川嶋美楓","★","Hello! Project SPRING TOUR 2025 Vol.3","1","米村姫良々","★","Hello! Project SPRING TOUR 2025 Vol.6","1","","","",""
"2026-04-15T21:22:39.000+09:00","不成立","rninzin","牧野真莉愛","★★","Hello! Project AUTUMN TOUR 2024 Vol.1","2","高瀬くるみ","★★","Hello! Project SPRING TOUR 2025 Vol.5","2","西﨑美空","★★","Hello! Project SPRING TOUR 2025 Vol.6","1","","","",""
"2026-04-15T23:40:22.000+09:00","成立","JJriaiwaffle","横山玲奈","★★","モーニング娘。'24 コンサートツアー秋 WE CAN DANCE ! ～Bla Eld～ 石田亜佑美 FINAL","2","松永里愛","★★","Juice=Juice FCイベント2026 ～Miracle×Juice×Box×結成Party！～","1","","","","","","","",""
"2026-04-16T01:30:37.000+09:00","成立","JIN10ROW","横山玲奈","★","Hello! Project ひなフェス 2024 Vol.1","1","前田こころ","★","Hello! Project SPRING TOUR 2025 Vol.5","2","高瀬くるみ","★","Hello! Project SPRING TOUR 2025 Vol.5","2","里吉うたの","★","Hello! Project SPRING TOUR 2025 Vol.5","3"
"2026-04-16T08:55:05.000+09:00","不成立","summerconcerto","島倉りか","★★","Graduation 〜島倉りか from BEYOOOOONDS〜","2","井上玲音","★★","Juice=Juice FCイベント2026 ～Miracle×Juice×Box×結成Party！～","2","","","","","","","",""
"2026-04-16T10:12:04.000+09:00","キャンセル","masa1","石田亜佑美","★","Hello! Project 2024 Winter 〜THREE OF US〜Vol.1","2","江端妃咲","★","Hello! Project SPRING TOUR 2025 Vol.3","0","秋山眞緒","★","Hello! Project SPRING TOUR 2025 Vol.4","2","後藤花","★","Hello! Project SPRING TOUR 2025 Vol.2","1"
"2026-04-16T13:05:36.000+09:00","成立","momomodsk","牧野真莉愛","★★","Hello! Project AUTUMN TOUR 2024 Vol.1","1","清野桃々姫","★★","Hello! Project SPRING TOUR 2025 Vol.5","1","有澤一華","★★","Hello! Project SPRING TOUR 2025 Vol.3","1","江口紗耶","★★","Hello! Project SPRING TOUR 2025 Vol.5","0"
"2026-04-16T22:17:15.000+09:00","成立","wlLaFbql1S","石田亜佑美","★","Hello! Project 2024 Winter 〜THREE OF US〜Vol.1","1","西田汐里","★★","Hello! Project SPRING TOUR 2025 Vol.5","0","","","","","","","",""
"2026-04-17T01:09:01.000+09:00","キャンセル","erkjj","石田亜佑美","★","Hello! Project ひなフェス 2024 Vol.1","1","前田こころ","★","Hello! Project SPRING TOUR 2025 Vol.5","2","里吉うたの","★","Hello! Project SPRING TOUR 2025 Vol.5","3","工藤由愛","★","Hello! Project SPRING TOUR 2025 Vol.3","1"
"2026-04-17T01:15:57.000+09:00","不成立","majtbor","石田亜佑美","★★","Hello! Project 2024 Winter 〜THREE OF US〜Vol.1","2","西﨑美空","★★","Hello! Project SPRING TOUR 2025 Vol.6","1","","","","","","","",""
"2026-04-17T12:02:41.000+09:00","成立","Harururu","八木栞","★","Hello! Project AUTUMN TOUR 2024 Vol.4","0","段原瑠々","★","Hello! Project SPRING TOUR 2025 Vol.3","1","江端妃咲","★","Hello! Project SPRING TOUR 2025 Vol.3","0","","","",""
"2026-04-18T00:02:42.000+09:00","成立","oshi_kawaii","小田さくら","★★★","Hello! Project AUTUMN TOUR 2024 Vol.1","1","秋山眞緒","★★★","Hello! Project SPRING TOUR 2025 Vol.4","0","","","","","","","",""
"2026-04-18T00:09:29.000+09:00","申請中","haachan2435","石田亜佑美","★★★","Hello! Project 2024 Winter 〜THREE OF US〜Vol.1","2","松永里愛","★★★","Hello! Project SPRING TOUR 2025 Vol.3","1","","","","","","","",""
"2026-04-18T10:35:41.000+09:00","不成立","Goma","八木栞","★★★","Hello! Project AUTUMN TOUR 2024 Vol.4","1","井上玲音","★★★","Hello! Project SPRING TOUR 2025 Vol.3","5","中山夏月姫","★★★","Hello! Project SPRING TOUR 2025 Vol.6","1","","","",""
"2026-04-18T10:45:18.000+09:00","申請中","3QBjPxprnW","横山玲奈","★","Hello! Project SPRING TOUR 2024 Vol.1","2","前田こころ","★","Hello! Project SPRING TOUR 2025 Vol.5","2","有澤一華","★","Hello! Project SPRING TOUR 2025 Vol.3","3","","","",""
"2026-04-18T10:48:37.000+09:00","申請中","1PUeOBIc3E","八木栞","★★★","Hello! Project AUTUMN TOUR 2024 Vol.4","1","井上玲音","★★★","Hello! Project SPRING TOUR 2025 Vol.3","5","橋迫鈴","★★★","Hello! Project SPRING TOUR 2025 Vol.2","2","伊勢鈴蘭","★★★","Hello! Project SPRING TOUR 2025 Vol.2","1"
"2026-04-19T00:41:36.000+09:00","不成立","CRo1oMIEeD","石田亜佑美","★★","Hello! Project 2024 Winter 〜THREE OF US〜Vol.1","1","西﨑美空","★★","Hello! Project SPRING TOUR 2025 Vol.6","1","山﨑愛生","★★","Hello! Project SPRING TOUR 2025 Vol.1","1","","","",""
"2026-04-19T11:26:10.000+09:00","不成立","maru_maru","石田亜佑美","★★","Hello! Project 2024 Winter 〜THREE OF US〜Vol.1","2","入江里咲","★★","Hello! Project SPRING TOUR 2025 Vol.3","1","為永幸音","★★","Hello! Project SPRING TOUR 2025 Vol.2","1","山﨑愛生","★★","Hello! Project SPRING TOUR 2025 Vol.1","1"
"2026-04-19T11:51:02.000+09:00","不成立","MeiPandasan","石田亜佑美","★★","Hello! Project 2024 Winter 〜THREE OF US〜Vol.1","2","高瀬くるみ","★★","Hello! Project SPRING TOUR 2025 Vol.5","2","山﨑愛生","★★","Hello! Project SPRING TOUR 2025 Vol.1","1","","","",""
"2026-04-19T20:05:02.000+09:00","不成立","kazuya","石田亜佑美","★★","Hello! Project 2024 Winter 〜THREE OF US〜Vol.1","2","伊勢鈴蘭","★★","Hello! Project SPRING TOUR 2025 Vol.2","1","山﨑愛生","★★","Hello! Project SPRING TOUR 2025 Vol.1","1","","","",""
"2026-04-19T22:46:55.000+09:00","不成立","bNdRZWKQ9i","石田亜佑美","★★","Hello! Project 2024 Winter 〜THREE OF US〜Vol.1","2","小林萌花","★★","Hello! Project SPRING TOUR 2025 Vol.5","1","伊勢鈴蘭","★★","Hello! Project SPRING TOUR 2025 Vol.2","1","河西結心","★★","Hello! Project SPRING TOUR 2025 Vol.4","1"
"2026-04-19T23:47:19.000+09:00","不成立","ALISA","石田亜佑美","★","Hello! Project ひなフェス 2024 Vol.1","2","平井美葉","★","Hello! Project SPRING TOUR 2025 Vol.5","9","弓桁朱琴","★","Hello! Project SPRING TOUR 2025 Vol.1","1","後藤花","★","Hello! Project SPRING TOUR 2025 Vol.2","1"
"2026-04-21T00:24:08.000+09:00","不成立","berryzknight","石田亜佑美","★★★","Hello! Project 2024 Winter 〜THREE OF US〜Vol.1","1","松本わかな","★★★","Hello! Project SPRING TOUR 2025 Vol.2","2","石井泉羽","★★★","Hello! Project SPRING TOUR 2025 Vol.4","1","下井谷幸穂","★★★","Hello! Project SPRING TOUR 2025 Vol.2","1"
"2026-04-21T00:43:37.000+09:00","キャンセル","tiwawawa","八木栞","★★★","Hello! Project AUTUMN TOUR 2024 Vol.4","1","前田こころ","★★★","Hello! Project SPRING TOUR 2025 Vol.5","2","岡村美波","★★★","Hello! Project SPRING TOUR 2025 Vol.5","2","山﨑愛生","★★★","Hello! Project SPRING TOUR 2025 Vol.1","1"
"2026-04-21T00:58:22.000+09:00","成立","genuine","横山玲奈","★","Hello! Project SPRING TOUR 2024 Vol.1","2","段原瑠々","★","Hello! Project SPRING TOUR 2025 Vol.3","0","入江里咲","★","Hello! Project SPRING TOUR 2025 Vol.3","0","松永里愛","★","Hello! Project SPRING TOUR 2025 Vol.3","1"
"2026-04-21T15:26:28.000+09:00","不成立","ajaj","石田亜佑美","★★★","Hello! Project 2024 Winter 〜THREE OF US〜Vol.1","2","川名凜","★★★","Hello! Project SPRING TOUR 2025 Vol.2","2","岡村ほまれ","★★★","Hello! Project SPRING TOUR 2025 Vol.1","1","","","",""
"2026-04-22T00:33:56.000+09:00","成立","mana_pipi0225","横山玲奈","★","Hello! Project AUTUMN TOUR 2024 Vol.1","1","小林萌花","★","Hello! Project SPRING TOUR 2025 Vol.5","0","有澤一華","★","Hello! Project SPRING TOUR 2025 Vol.3","3","井上春華","★","Hello! Project SPRING TOUR 2025 Vol.1","1"
"2026-04-22T14:19:55.000+09:00","不成立","nao420","横山玲奈","★","Hello! Project SPRING TOUR 2025 Vol.1","2","米村姫良々","★","Hello! Project SPRING TOUR 2025 Vol.6","1","松永里愛","★","Hello! Project SPRING TOUR 2025 Vol.3","1","広本瑠璃","★","Hello! Project SPRING TOUR 2025 Vol.6","2"
"2026-04-22T14:23:48.000+09:00","成立","3JlvoLfnyy","石田亜佑美","★★★","Hello! Project 2024 Winter 〜THREE OF US〜Vol.1","1","橋迫鈴","★★★","Hello! Project SPRING TOUR 2025 Vol.2","1","川名凜","★★★","Hello! Project SPRING TOUR 2025 Vol.2","2","小野田紗栞","★★★","Hello! Project SPRING TOUR 2025 Vol.4","1"
"2026-04-22T23:39:05.000+09:00","成立","marunya","横山玲奈","★","Hello! Project SPRING TOUR 2025 Vol.1","1","段原瑠々","★","Hello! Project SPRING TOUR 2025 Vol.3","0","有澤一華","★","Hello! Project SPRING TOUR 2025 Vol.3","3","松永里愛","★","Hello! Project SPRING TOUR 2025 Vol.3","1"
"2026-04-22T23:47:36.000+09:00","成立","i2E0lgV3aB","石田亜佑美","★★","Hello! Project 2024 Winter 〜THREE OF US〜Vol.1","0","段原瑠々","★★","Hello! Project SPRING TOUR 2025 Vol.3","0","福田真琳","★★","Hello! Project SPRING TOUR 2025 Vol.4","2","","","",""
"2026-04-23T00:05:28.000+09:00","不成立","atsupon","石田亜佑美","★","Hello! Project ひなフェス 2024 Vol.1","2","河西結心","★","Hello! Project SPRING TOUR 2025 Vol.4","1","","","","","","","",""
"2026-04-23T00:12:24.000+09:00","成立","jupiterkz","小田さくら","★","Hello! Project ひなフェス 2024 Vol.1","1","工藤由愛","★","Hello! Project SPRING TOUR 2025 Vol.3","1","平山遊季","★","Hello! Project SPRING TOUR 2025 Vol.2","0","","","",""
"2026-04-23T03:37:13.000+09:00","不成立","x_xb","石田亜佑美","★","Hello! Project ひなフェス 2024 Vol.1","1","里吉うたの","★","Hello! Project SPRING TOUR 2025 Vol.5","3","江口紗耶","★","Hello! Project SPRING TOUR 2025 Vol.5","1","井上玲音","★","Hello! Project SPRING TOUR 2025 Vol.3","1"
"2026-04-23T11:15:17.000+09:00","成立","katotyan","秋山眞緒","★★★","Hello! Project SPRING TOUR 2025 Vol.4","0","松本わかな","★★★","Hello! Project SPRING TOUR 2025 Vol.2","2","","","","","","","",""
"2026-04-23T12:04:54.000+09:00","不成立","51087","八木栞","★★★","Hello! Project AUTUMN TOUR 2024 Vol.4","1","平山遊季","★★★","Hello! Project SPRING TOUR 2025 Vol.2","2","後藤花","★★★","Hello! Project SPRING TOUR 2025 Vol.2","2","小野田紗栞","★★★","Hello! Project SPRING TOUR 2025 Vol.4","1"
"2026-04-23T12:10:27.000+09:00","不成立","REIYUME0717","川村文乃","★★★","Hello! Project 2024 Winter 〜THREE OF US〜Vol.2","1","岡村美波","★★★","Hello! Project SPRING TOUR 2025 Vol.5","2","井上玲音","★★★","Hello! Project SPRING TOUR 2025 Vol.3","5","山﨑愛生","★★★","Hello! Project SPRING TOUR 2025 Vol.1","1"
"2026-04-23T12:13:26.000+09:00","不成立","JIN10ROW","八木栞","★★★","Hello! Project AUTUMN TOUR 2024 Vol.4","1","高瀬くるみ","★★★","Hello! Project SPRING TOUR 2025 Vol.5","2","前田こころ","★★★","Hello! Project SPRING TOUR 2025 Vol.5","2","下井谷幸穂","★★★","Hello! Project SPRING TOUR 2025 Vol.2","1"
"2026-04-23T16:42:54.000+09:00","成立","NuuuuuA_koko","八木栞","★★","Hello! Project 2024 Winter 〜THREE OF US〜Vol.2","2","前田こころ","★★","Hello! Project SPRING TOUR 2025 Vol.5","1","高瀬くるみ","★★","Hello! Project SPRING TOUR 2025 Vol.5","2","川嶋美楓","★★","Hello! Project SPRING TOUR 2025 Vol.3","0"
"2026-04-23T16:46:30.000+09:00","成立","k35IyW1K1j","小田さくら","★","Hello! Project SPRING TOUR 2024 Vol.1","2","井上春華","★","Hello! Project SPRING TOUR 2025 Vol.1","1","福田真琳","★","Hello! Project SPRING TOUR 2025 Vol.4","0","","","",""
"2026-04-23T19:38:42.000+09:00","キャンセル","rinpan_02","川村文乃","★★★","Hello! Project ひなフェス 2024 Vol.2","2","山﨑愛生","★★★","Hello! Project SPRING TOUR 2025 Vol.1","1","","","","","","","",""
"2026-04-23T19:41:04.000+09:00","不成立","rinpan_02","川村文乃","★★★","Hello! Project 2024 Winter 〜THREE OF US〜Vol.2","2","山﨑愛生","★★★","Hello! Project SPRING TOUR 2025 Vol.1","1","","","","","","","",""
"2026-04-23T22:13:30.000+09:00","成立","hadashi27","遠藤彩加里","★★★","Hello! Project AUTUMN TOUR 2024 Vol.3","1","段原瑠々","★★★","Hello! Project SPRING TOUR 2025 Vol.3","1","","","","","","","",""
"2026-04-24T02:24:18.000+09:00","不成立","SAYUMI_SAMSALA","石田亜佑美","★","Hello! Project ひなフェス 2024 Vol.1","1","前田こころ","★","Hello! Project SPRING TOUR 2025 Vol.5","2","弓桁朱琴","★","Hello! Project SPRING TOUR 2025 Vol.1","1","","","",""
"2026-04-24T02:33:37.000+09:00","キャンセル","xVyM0ffFBK","小田さくら","★","Hello! Project AUTUMN TOUR 2024 Vol.1","2","平井美葉","★","Hello! Project SPRING TOUR 2025 Vol.5","9","遠藤彩加里","★","Hello! Project SPRING TOUR 2025 Vol.3","1","中山夏月姫","★","Hello! Project SPRING TOUR 2025 Vol.6","2"
"2026-04-24T11:24:31.000+09:00","キャンセル","sabotty","石田亜佑美","★","Hello! Project ひなフェス 2024 Vol.1","3","前田こころ","★","Hello! Project SPRING TOUR 2025 Vol.5","2","井上春華","★","Hello! Project SPRING TOUR 2025 Vol.1","1","広本瑠璃","★","Hello! Project SPRING TOUR 2025 Vol.6","2"
"2026-04-24T11:33:10.000+09:00","不成立","card","上國料萌衣","★★","Hello! Project 2024 Winter 〜THREE OF US〜Vol.2","2","井上玲音","★★","Hello! Project SPRING TOUR 2025 Vol.3","2","西﨑美空","★★","Hello! Project SPRING TOUR 2025 Vol.6","1","山﨑愛生","★★","Hello! Project SPRING TOUR 2025 Vol.1","0"
"2026-04-24T11:41:58.000+09:00","キャンセル","liupVWmkYz","八木栞","★★★","Hello! Project AUTUMN TOUR 2024 Vol.4","1","江口紗耶","★★★","Hello! Project SPRING TOUR 2025 Vol.5","1","井上玲音","★★★","Hello! Project SPRING TOUR 2025 Vol.3","5","川名凜","★★★","Hello! Project SPRING TOUR 2025 Vol.2","2"
"2026-04-24T12:31:49.000+09:00","成立","flower","上國料萌衣","★★","Hello! Project 2024 Winter 〜THREE OF US〜Vol.2","2","西﨑美空","★★","Hello! Project SPRING TOUR 2025 Vol.6","1","山﨑愛生","★★","Hello! Project SPRING TOUR 2025 Vol.1","0","","","",""
"2026-04-24T16:35:15.000+09:00","成立","miyoatumetai","里吉うたの","★★","BEYOOOOONDS CONCERT 2025 SPRING ～Take Me Out To The BUDOOOOOKAN！「Treasury Island」～","1","里吉うたの","★★","BEYOOOOONDS in BANGKOOOOOK !!!!!","1","","","","","","","",""
"2026-04-24T16:48:32.000+09:00","不成立","kurukurukurumin","平井美葉","★★★","BEYOOOOONDS in BANGKOOOOOK !!!!!","1","高瀬くるみ","★★★","BEYOOOOONDS in BANGKOOOOOK !!!!!","0","","","","","","","",""
"2026-04-24T18:00:58.000+09:00","不成立","yukimidaihuku","平井美葉","★★★★","BEYOOOOONDS in BANGKOOOOOK !!!!!","1","岡村美波","★★★★","岡山県備前市×備YOOOOONDS Fanclub Tour in BE前の陣ZIN","1","高瀬くるみ","★★★★","BEYOOOOONDS in BANGKOOOOOK !!!!!","2","","","",""
"2026-04-24T18:16:44.000+09:00","不成立","kokonana_","平井美葉","★★★★","BEYOOOOONDS in BANGKOOOOOK !!!!!","0","前田こころ","★★★★","BEYOOOOONDS in BANGKOOOOOK !!!!!","0","","","","","","","",""
"2026-04-24T18:22:36.000+09:00","キャンセル","bbmr24","平井美葉","★★★","BEYOOOOONDS in BANGKOOOOOK !!!!!","0","橋迫鈴","★★★","竹内朱莉×アンジュルム 新春万福","1","上村麗菜","★★★","ロージークロニクル FCイベント2024 ～ Rosy Christmas! ～","1","","","",""
"2026-04-24T18:23:43.000+09:00","成立","Yocchi","平井美葉","★★★★","BEYOOOOONDS in BANGKOOOOOK !!!!!","0","前田こころ","★★★★","BEYOOOOONDS in BANGKOOOOOK !!!!!","0","高瀬くるみ","★★★★","BEYOOOOONDS in BANGKOOOOOK !!!!!","2","","","",""
"2026-04-24T18:26:25.000+09:00","成立","haru_beyooooo","平井美葉","★★★","BEYOOOOONDS in BANGKOOOOOK !!!!!","0","前田こころ","★★★","BEYOOOOONDS in BANGKOOOOOK !!!!!","0","","","","","","","",""
"2026-04-24T18:28:13.000+09:00","成立","yagituchi","平井美葉","★★★","BEYOOOOONDS in BANGKOOOOOK !!!!!","0","高瀬くるみ","★★★","BEYOOOOONDS in BANGKOOOOOK !!!!!","0","","","","","","","",""
"2026-04-24T18:46:16.000+09:00","成立","XCY5GAlLtR","高瀬くるみ","★★","BEYOOOOONDS in BANGKOOOOOK !!!!!","1","岡村美波","★★","BEYOOOOONDS in BANGKOOOOOK !!!!!","1","","","","","","","",""
"2026-04-24T19:22:48.000+09:00","キャンセル","mz4yokan","平井美葉","★★★","BEYOOOOONDS in BANGKOOOOOK !!!!!","1","小林萌花","★★★","BEYOOOOONDS in BANGKOOOOOK !!!!!","0","","","","","","","",""
"2026-04-24T19:27:29.000+09:00","成立","K_SHU","高瀬くるみ","★★","BEYOOOOONDS in BANGKOOOOOK !!!!!","2","西田汐里","★★","BEYOOOOONDS in BANGKOOOOOK !!!!!","1","","","","","","","",""
"2026-04-24T19:47:14.000+09:00","キャンセル","KK_EH","西田汐里","★★","BEYOOOOONDS in BANGKOOOOOK !!!!!","1","前田こころ","★★","BEYOOOOONDS in BANGKOOOOOK !!!!!","1","","","","","","","",""
"2026-04-24T19:58:30.000+09:00","成立","tmk556","西田汐里","★★","BEYOOOOONDS in BANGKOOOOOK !!!!!","2","前田こころ","★★","BEYOOOOONDS in BANGKOOOOOK !!!!!","1","","","","","","","",""
"2026-04-24T20:19:00.000+09:00","不成立","hhufwituiW","石田亜佑美","★","Hello! Project ひなフェス 2024 Vol.1","1","清野桃々姫","★","Hello! Project SPRING TOUR 2025 Vol.5","1","秋山眞緒","★","Hello! Project SPRING TOUR 2025 Vol.4","2","工藤由愛","★","Hello! Project SPRING TOUR 2025 Vol.3","1"
"2026-04-24T21:23:18.000+09:00","成立","okmrmnm313","佐々木莉佳子","★★","佐々木莉佳子in Thailand 2026","1","西田汐里","★★","BEYOOOOONDS in BANGKOOOOOK !!!!!","1","","","","","","","",""
"2026-04-24T21:38:58.000+09:00","成立","utmy","岡村美波","★★","BEYOOOOONDS in BANGKOOOOOK !!!!!","0","里吉うたの","★★","岡山県備前市×備YOOOOONDS Fanclub Tour in BE前の陣ZIN","2","","","","","","","",""
"2026-04-24T21:51:15.000+09:00","不成立","HPECtomo","小田さくら","★","Hello! Project AUTUMN TOUR 2024 Vol.1","2","里吉うたの","★","Hello! Project SPRING TOUR 2025 Vol.5","3","井上春華","★","Hello! Project SPRING TOUR 2025 Vol.1","1","広本瑠璃","★","Hello! Project SPRING TOUR 2025 Vol.6","2"
"2026-04-24T23:23:51.000+09:00","キャンセル","kazunoko","上國料萌衣","★★★★","アンジュルム 10th Anniversary tour 2025春 「桜梅桃李」上國料萌衣 FINAL ～お先はまっキラ！～","1","平山遊季","★★★★","HAPPY BIRTHDAY 平山遊季 2025","1","","","","","","","",""
"2026-04-25T00:09:34.000+09:00","不成立","UJvsWBx19i","岡村美波","★★★","BEYOOOOONDS in BANGKOOOOOK !!!!!","1","小林萌花","★★★","BEYOOOOONDS in BANGKOOOOOK !!!!!","0","","","","","","","",""
"2026-04-25T00:21:48.000+09:00","不成立","kurumin23","小林萌花","★★★★★","HAPPY BIRTHDAY 小林萌花","1","高瀬くるみ","★★★★★","BEYOOOOONDS in BANGKOOOOOK !!!!!","1","","","","","","","",""
"2026-04-25T00:39:02.000+09:00","不成立","NakanoStation","牧野真莉愛","★★★","Hello! Project SPRING TOUR 2024 Vol.1","1","福田真琳","★★★","Hello! Project SPRING TOUR 2025 Vol.4","1","","","","","","","",""
"2026-04-25T00:42:23.000+09:00","成立","NakanoStation","松本わかな","★★★","Hello! Project SPRING TOUR 2024 Vol.2","1","福田真琳","★★★","Hello! Project SPRING TOUR 2025 Vol.4","1","","","","","","","",""
"2026-04-25T01:37:16.000+09:00","不成立","utanochan","岡村美波","★★★","BEYOOOOONDS in BANGKOOOOOK !!!!!","1","小林萌花","★★★","BEYOOOOONDS in BANGKOOOOOK !!!!!","0","","","","","","","",""
"2026-04-25T01:43:19.000+09:00","キャンセル","rrWDISVloy","八木栞","★★★","Hello! Project AUTUMN TOUR 2024 Vol.4","2","石井泉羽","★★★","Hello! Project SPRING TOUR 2025 Vol.4","1","豫風瑠乃","★★★","Hello! Project SPRING TOUR 2025 Vol.4","1","西﨑美空","★★★","Hello! Project SPRING TOUR 2025 Vol.6","1"
"2026-04-25T02:19:33.000+09:00","キャンセル","5b05e2bOgB","小田さくら","★","Hello! Project AUTUMN TOUR 2024 Vol.1","2","有澤一華","★","Hello! Project SPRING TOUR 2025 Vol.3","2","平井美葉","★","Hello! Project SPRING TOUR 2025 Vol.5","10","広本瑠璃","★","Hello! Project SPRING TOUR 2025 Vol.6","2"
"2026-04-25T10:33:54.000+09:00","不成立","Kaocham","石田亜佑美","★","Hello! Project ひなフェス 2024 Vol.1","3","西田汐里","★","Hello! Project SPRING TOUR 2025 Vol.5","1","秋山眞緒","★","Hello! Project SPRING TOUR 2025 Vol.4","1","米村姫良々","★","Hello! Project SPRING TOUR 2025 Vol.6","1"
"2026-04-25T11:27:43.000+09:00","不成立","ksbxmkxiSc","石田亜佑美","★","Hello! Project ひなフェス 2024 Vol.1","3","西田汐里","★","Hello! Project SPRING TOUR 2025 Vol.5","1","中山夏月姫","★","Hello! Project SPRING TOUR 2025 Vol.6","2","広本瑠璃","★","Hello! Project SPRING TOUR 2025 Vol.6","1"
"2026-04-25T12:17:10.000+09:00","不成立","10ib205y","岡村美波","★★★","BEYOOOOONDS in BANGKOOOOOK !!!!!","1","小林萌花","★★★","BEYOOOOONDS in BANGKOOOOOK !!!!!","0","","","","","","","",""
"2026-04-25T15:53:12.000+09:00","成立","bravet","岡村美波","★★★","BEYOOOOONDS in BANGKOOOOOK !!!!!","0","小林萌花","★★★","BEYOOOOONDS in BANGKOOOOOK !!!!!","0","","","","","","","",""
"2026-04-25T16:18:10.000+09:00","不成立","kazuya","川村文乃","★★★","Hello! Project 2024 Winter 〜THREE OF US〜Vol.2","2","入江里咲","★★★","Hello! Project SPRING TOUR 2025 Vol.3","1","伊勢鈴蘭","★★★","Hello! Project SPRING TOUR 2025 Vol.2","1","山﨑愛生","★★★","Hello! Project SPRING TOUR 2025 Vol.1","1"
"2026-04-25T16:25:42.000+09:00","不成立","mijinko03","石田亜佑美","★","Hello! Project ひなフェス 2024 Vol.1","2","里吉うたの","★","Hello! Project SPRING TOUR 2025 Vol.5","2","有澤一華","★","Hello! Project SPRING TOUR 2025 Vol.3","1","井上春華","★","Hello! Project SPRING TOUR 2025 Vol.1","1"
"2026-04-25T20:43:11.000+09:00","キャンセル","zumi_yume","石田亜佑美","★","Hello! Project ひなフェス 2024 Vol.1","5","里吉うたの","★","Hello! Project SPRING TOUR 2025 Vol.5","2","遠藤彩加里","★","Hello! Project SPRING TOUR 2025 Vol.3","1","工藤由愛","★","Hello! Project SPRING TOUR 2025 Vol.3","1"
"2026-04-26T11:32:46.000+09:00","キャンセル","LNPcYwraJu","川村文乃","★★★","Hello! Project 2024 Winter 〜THREE OF US〜Vol.2","2","小田さくら","★★★","Hello! Project SPRING TOUR 2025 Vol.1","1","","","","","","","",""
"2026-04-26T23:04:07.000+09:00","成立","nightwing7","平山遊季","★★","Hello! Project Official Shop ＜Autumn＞ アンジュルム","0","為永幸音","★★","アンジュルムFCイベント2024 ～Angermerry Xmas～","1","","","","","","","",""
"2026-04-27T00:08:13.000+09:00","不成立","popopon","川村文乃","★★★","Hello! Project 2024 Winter 〜THREE OF US〜Vol.2","2","川嶋美楓","★★★","Hello! Project SPRING TOUR 2025 Vol.3","2","後藤花","★★★","Hello! Project SPRING TOUR 2025 Vol.2","2","秋山眞緒","★★★","Hello! Project SPRING TOUR 2025 Vol.4","1"
"2026-04-27T00:12:58.000+09:00","申請中","HQ29hv5IrE","植村あかり","★★★","Hello! Project 2024 Winter 〜THREE OF US〜Vol.3","2","石井泉羽","★★★","Hello! Project SPRING TOUR 2025 Vol.4","1","筒井澪心","★★★","Hello! Project SPRING TOUR 2025 Vol.6","3","川名凜","★★★","Hello! Project SPRING TOUR 2025 Vol.2","2"
"2026-04-27T08:41:53.000+09:00","成立","Shiro","後藤花","★★","Hello! Project Official Shop ＜Autumn＞ アンジュルム","1","平井美葉","★★","岡山県備前市×備YOOOOONDS Fanclub Tour in BE前の陣ZIN","3","下井谷幸穂","★★","アンジュルム 10th Anniversary tour 2025春 「桜梅桃李」上國料萌衣 FINAL ～お先はまっキラ！～","1","","","",""
"2026-04-27T14:45:11.000+09:00","申請中","2FIkxic04U","川村文乃","★★★","Hello! Project 2024 Winter 〜THREE OF US〜Vol.2","2","石山咲良","★★★","Hello! Project SPRING TOUR 2025 Vol.3","2","井上玲音","★★★","Hello! Project SPRING TOUR 2025 Vol.3","5","後藤花","★★★","Hello! Project SPRING TOUR 2025 Vol.2","2"
"2026-04-27T23:41:04.000+09:00","不成立","oryo_mline","長野桃羽","★★","Hello! Project Official Shop ＜Autumn＞ アンジュルム","2","為永幸音","★★","アンジュルムFCイベント2024 ～Angermerry Xmas～","1","","","","","","","",""
"2026-04-28T00:11:39.000+09:00","不成立","wmEC3nj3hB","小田さくら","★","Hello! Project AUTUMN TOUR 2024 Vol.1","2","前田こころ","★","Hello! Project SPRING TOUR 2025 Vol.5","2","","","","","","","",""
"2026-04-28T10:14:15.000+09:00","成立","beyond_omochi","小田さくら","★","Hello! Project AUTUMN TOUR 2024 Vol.1","2","前田こころ","★","Hello! Project SPRING TOUR 2025 Vol.5","2","里吉うたの","★","Hello! Project SPRING TOUR 2025 Vol.5","2","広本瑠璃","★","Hello! Project SPRING TOUR 2025 Vol.6","0"
"2026-04-28T10:30:28.000+09:00","不成立","nm5TAvuJVp","長野桃羽","★★","Hello! Project Official Shop ＜Autumn＞ アンジュルム","3","江口紗耶","★★","BEYOOOOONDS CONCERT 2024 AUTUMN「DISCOOOOOTHEQUE BUDOOOOOKAN」","2","宮本佳林＆平井美葉","★★","エムハロイベント vol.4 ～宮本佳林×BEYOOOOONDS/SeasoningS 平井美葉～","7","平井美葉","★★","岡山県備前市×備YOOOOONDS Fanclub Tour in BE前の陣ZIN","3"
"2026-04-28T17:56:01.000+09:00","成立","UBU3","小林萌花","★","Hello! Project SPRING TOUR 2025 Vol.5","1","前田こころ","★","Hello! Project SPRING TOUR 2025 Vol.5","2","秋山眞緒","★","Hello! Project SPRING TOUR 2025 Vol.4","1","","","",""
"2026-04-28T18:00:35.000+09:00","成立","Usapan","長野桃羽","★★","Hello! Project Official Shop ＜Autumn＞ アンジュルム","1","平井美葉","★★","BEYOOOOONDS CONCERT 2025 SPRING ～Take Me Out To The BUDOOOOOKAN！「Treasury Island」～","11","平井美葉","★★","エムハロイベント vol.4 ～宮本佳林×BEYOOOOONDS/SeasoningS 平井美葉～","3","平井美葉","★★","岡山県備前市×備YOOOOONDS Fanclub Tour in BE前の陣ZIN","5"
"2026-04-28T18:30:21.000+09:00","成立","3s5RlIZ4yD","伊勢鈴蘭","★★","Hello! Project Official Shop ＜Autumn＞ アンジュルム","1","平井美葉","★★","BEYOOOOONDS CONCERT 2025 SPRING ～Take Me Out To The BUDOOOOOKAN！「Treasury Island」～","11","","","","","","","",""
"2026-04-28T18:44:54.000+09:00","成立","NO_022","小林萌花","★★","BEYOOOOONDS in BANGKOOOOOK !!!!!","2","高瀬くるみ","★★","岡山県備前市×備YOOOOONDS Fanclub Tour in BE前の陣ZIN","1","","","","","","","",""
"2026-04-28T19:50:38.000+09:00","不成立","love_hello_rkts","石田亜佑美","★","Hello! Project ひなフェス 2024 Vol.1","2","井上春華","★","Hello! Project SPRING TOUR 2025 Vol.1","0","","","","","","","",""
"2026-04-28T22:58:08.000+09:00","成立","miimimasa","江端妃咲","★","Hello! Project SPRING TOUR 2025 Vol.3","2","有澤一華","★","Hello! Project SPRING TOUR 2025 Vol.3","1","平井美葉","★","Hello! Project SPRING TOUR 2025 Vol.5","10","小田さくら","★","Hello! Project SPRING TOUR 2025 Vol.1","2"
"2026-04-29T01:09:08.000+09:00","成立","mina_aya","段原瑠々","★","Hello! Project SPRING TOUR 2025 Vol.3","2","広本瑠璃","★","Hello! Project SPRING TOUR 2025 Vol.6","0","","","","","","","",""
"2026-04-29T02:39:55.000+09:00","成立","maroooooonds","松本わかな","★★","Hello! Project Official Shop ＜Autumn＞ アンジュルム","1","平井美葉","★★","BEYOOOOONDS FCイベント2025 ～クリスマスの陣ZIN～","3","","","","","","","",""
"2026-04-29T11:24:40.000+09:00","キャンセル","baronnobi","石田亜佑美","★","Hello! Project ひなフェス 2024 Vol.1","2","中山夏月姫","★","Hello! Project SPRING TOUR 2025 Vol.6","1","弓桁朱琴","★","Hello! Project SPRING TOUR 2025 Vol.1","1","小田さくら","★","Hello! Project SPRING TOUR 2025 Vol.1","2"
"2026-04-29T11:28:19.000+09:00","成立","mina_aya","井上玲音","★","Hello! Project SPRING TOUR 2025 Vol.3","1","広本瑠璃","★","Hello! Project SPRING TOUR 2025 Vol.6","0","","","","","","","",""
"2026-04-29T13:02:07.000+09:00","成立","obWp9kgqLQ","入江里咲","★","Hello! Project SPRING TOUR 2025 Vol.3","1","前田こころ","★","Hello! Project SPRING TOUR 2025 Vol.5","2","有澤一華","★","Hello! Project SPRING TOUR 2025 Vol.3","1","小野田紗栞","★","Hello! Project SPRING TOUR 2025 Vol.4","1"
"2026-04-29T13:24:30.000+09:00","不成立","_uvu_","米村姫良々","★★","OCHA NORMA FCイベント2026 ～OCHA NORMAの間9 アチアチ注意報♡恋のチョコレートティー～","3","松永里愛","★★","Juice=Juice FCイベント2026 ～Miracle×Juice×Box×結成Party！～","1","入江里咲","★★","Juice=Juice FCイベント2026 ～Miracle×Juice×Box×結成Party！～","1","石山咲良","★★","Juice=Juice FCイベント2026 ～Miracle×Juice×Box×結成Party！～","1"
"2026-04-29T13:30:00.000+09:00","成立","12Mt31","平山遊季","★","Hello! Project SPRING TOUR 2025 Vol.2","1","里吉うたの","★","Hello! Project SPRING TOUR 2025 Vol.5","1","遠藤彩加里","★","Hello! Project SPRING TOUR 2025 Vol.3","1","","","",""
"2026-04-29T17:00:41.000+09:00","キャンセル","good_p_sato_NO2","松本わかな","★","Hello! Project SPRING TOUR 2025 Vol.2","5","村田結生","★","Hello! Project SPRING TOUR 2025 Vol.4","1","中山夏月姫","★","Hello! Project SPRING TOUR 2025 Vol.6","1","","","",""
"2026-04-29T17:10:52.000+09:00","成立","good_p_sato_NO2","松本わかな","★","Hello! Project SPRING TOUR 2025 Vol.2","5","中山夏月姫","★","Hello! Project SPRING TOUR 2025 Vol.6","1","土居楓奏","★","Hello! Project SPRING TOUR 2025 Vol.4","0","","","",""
"2026-04-29T17:45:02.000+09:00","不成立","Guriri","米村姫良々","★★","OCHA NORMA FCイベント2026 ～OCHA NORMAの間9 アチアチ注意報♡恋のチョコレートティー～","1","高瀬くるみ","★★","BEYOOOOONDS in BANGKOOOOOK !!!!!","1","","","","","","","",""
"2026-04-29T18:26:47.000+09:00","成立","jyun","伊勢鈴蘭","★","Hello! Project SPRING TOUR 2025 Vol.2","1","村田結生","★","Hello! Project SPRING TOUR 2025 Vol.4","1","井上春華","★","Hello! Project SPRING TOUR 2025 Vol.1","0","","","",""
"2026-04-29T18:38:27.000+09:00","成立","g4oyl4S3BX","米村姫良々","★★","OCHA NORMA FCイベント2026 ～OCHA NORMAの間9 アチアチ注意報♡恋のチョコレートティー～","1","小林萌花","★★","BEYOOOOONDS FCイベント2025 ～クリスマスの陣ZIN～","2","小林萌花","★★","BEYOOOOONDS in BANGKOOOOOK !!!!!","1","","","",""
"2026-04-29T19:53:06.000+09:00","不成立","riri30","福田真琳","★","Hello! Project SPRING TOUR 2025 Vol.4","3","中山夏月姫","★","Hello! Project SPRING TOUR 2025 Vol.6","1","","","","","","","",""
"2026-04-29T23:35:21.000+09:00","成立","Jamka","福田真琳","★","Hello! Project SPRING TOUR 2025 Vol.4","3","村田結生","★","Hello! Project SPRING TOUR 2025 Vol.4","1","中山夏月姫","★","Hello! Project SPRING TOUR 2025 Vol.6","1","","","",""
"2026-04-30T00:36:22.000+09:00","成立","Jamka","岡村美波","★★","Hello! Project SPRING TOUR 2025 Vol.5","2","村田結生","★","Hello! Project SPRING TOUR 2025 Vol.4","1","後藤花","★","Hello! Project SPRING TOUR 2025 Vol.2","1","北原もも","★","Hello! Project SPRING TOUR 2025 Vol.6","1"
"2026-04-30T01:27:25.000+09:00","不成立","kodomokonbu","植村あかり","★★★","Hello! Project 2024 Winter 〜THREE OF US〜Vol.3","1","井上玲音","★★★","Hello! Project SPRING TOUR 2025 Vol.3","5","下井谷幸穂","★★★","Hello! Project SPRING TOUR 2025 Vol.2","1","","","",""
"2026-04-30T10:05:23.000+09:00","成立","Jamka","平井美葉","★★","Hello! Project SPRING TOUR 2025 Vol.5","1","村田結生","★","Hello! Project SPRING TOUR 2025 Vol.4","1","北原もも","★","Hello! Project SPRING TOUR 2025 Vol.6","1","","","",""
"2026-04-30T16:09:29.000+09:00","成立","Ishichan524","西田汐里","★★","Hello! Project SPRING TOUR 2025 Vol.5","2","井上玲音","★★","Hello! Project SPRING TOUR 2025 Vol.3","1","","","","","","","",""
"2026-04-30T16:19:19.000+09:00","キャンセル","9G64VgCW0b","北川莉央","★","Hello! Project SPRING TOUR 2025 Vol.1","2","中山夏月姫","★","Hello! Project SPRING TOUR 2025 Vol.6","1","","","","","","","",""
"2026-04-30T16:23:31.000+09:00","成立","hp23sn","石田亜佑美","★","Hello! Project ひなフェス 2024 Vol.1","1","平井美葉","★","Hello! Project SPRING TOUR 2025 Vol.5","10","伊勢鈴蘭","★","Hello! Project SPRING TOUR 2025 Vol.2","1","","","",""
"2026-04-30T16:29:19.000+09:00","成立","camellia_fight","江口紗耶","★★","Hello! Project SPRING TOUR 2025 Vol.5","2","福田真琳","★★","Hello! Project SPRING TOUR 2025 Vol.4","1","","","","","","","",""
"2026-04-30T17:51:41.000+09:00","不成立","sawa_15","北原もも","★★","OCHA NORMA FCイベント2026 ～OCHA NORMAの間9 アチアチ注意報♡恋のチョコレートティー～","2","松永里愛","★★","Juice=Juice FCイベント2026 ～Miracle×Juice×Box×結成Party！～","1","","","","","","","",""
"2026-04-30T18:00:49.000+09:00","成立","chiii","伊勢鈴蘭","★","Hello! Project SPRING TOUR 2025 Vol.2","1","里吉うたの","★","Hello! Project SPRING TOUR 2025 Vol.5","1","小野田紗栞","★","Hello! Project SPRING TOUR 2025 Vol.4","0","","","",""
"2026-04-30T19:01:11.000+09:00","不成立","suepi","北原もも","★★","OCHA NORMA FCイベント2026 ～OCHA NORMAの間9 アチアチ注意報♡恋のチョコレートティー～","7","清野桃々姫","★★","BEYOOOOONDS FCイベント2025～冷やしビヨ始めましたの陣ZIN～","2","清野桃々姫","★★","BEYOOOOONDS CONCERT 2025 SPRING ～Take Me Out To The BUDOOOOOKAN！「Treasury Island」～","3","平井美葉","★★","岡山県備前市×備YOOOOONDS Fanclub Tour in BE前の陣ZIN","4"
"2026-04-30T22:43:29.000+09:00","成立","PandaParadaisu","島倉りか","★★","Graduation 〜島倉りか from BEYOOOOONDS〜","2","高瀬くるみ","★★","BEYOOOOONDS in BANGKOOOOOK !!!!!","1","","","","","","","",""
"2026-04-30T23:21:14.000+09:00","不成立","anamon","北原もも","★★","OCHA NORMA FCイベント2026 ～OCHA NORMAの間9 アチアチ注意報♡恋のチョコレートティー～","2","為永幸音","★★","アンジュルムFCイベント2024 ～Angermerry Xmas～","0","","","","","","","",""
"2026-04-30T23:27:54.000+09:00","キャンセル","ked127","川村文乃","★★★","Hello! Project 2024 Winter 〜THREE OF US〜Vol.2","2","櫻井梨央","★★★","Hello! Project SPRING TOUR 2025 Vol.1","2","山﨑愛生","★★★","Hello! Project SPRING TOUR 2025 Vol.1","1","小野田紗栞","★★★","Hello! Project SPRING TOUR 2025 Vol.4","1"
"2026-05-01T10:22:11.000+09:00","成立","SibuSibu","北原もも","★★","OCHA NORMA FCイベント2026 ～OCHA NORMAの間9 アチアチ注意報♡恋のチョコレートティー～","1","江端妃咲","★★","Juice=Juice FCイベント2026 ～Miracle×Juice×Box×結成Party！～","0","","","","","","","",""
"2026-05-01T10:33:29.000+09:00","不成立","7KUSA","植村あかり","★★★","Hello! Project 2024 Winter 〜THREE OF US〜Vol.3","1","岡村美波","★★★","Hello! Project SPRING TOUR 2025 Vol.5","2","清野桃々姫","★★★","Hello! Project SPRING TOUR 2025 Vol.5","2","江口紗耶","★★★","Hello! Project SPRING TOUR 2025 Vol.5","1"
"2026-05-01T12:06:20.000+09:00","不成立","Rokiproject","筒井澪心","★★","OCHA NORMA FCイベント2026 ～OCHA NORMAの間9 アチアチ注意報♡恋のチョコレートティー～","2","為永幸音","★★","アンジュルムFCイベント2024 ～Angermerry Xmas～","2","為永幸音","★★","アンジュルムFCイベント2024 ～Angermerry Xmas～","0","林仁愛","★★","Juice=Juice FCイベント2026 ～Miracle×Juice×Box×結成Party！～","1"
"2026-05-01T12:58:39.000+09:00","不成立","UTTU","植村あかり","★★★","Hello! Project 2024 Winter 〜THREE OF US〜Vol.3","1","高瀬くるみ","★★★","Hello! Project SPRING TOUR 2025 Vol.5","2","平井美葉","★★★","Hello! Project SPRING TOUR 2025 Vol.5","9","櫻井梨央","★★★","Hello! Project SPRING TOUR 2025 Vol.1","2"
"2026-05-01T21:59:51.000+09:00","成立","SOLi","豫風瑠乃","★","Hello! Project SPRING TOUR 2025 Vol.4","3","小田さくら","★","Hello! Project SPRING TOUR 2025 Vol.1","2","小野田紗栞","★","Hello! Project SPRING TOUR 2025 Vol.4","0","","","",""
"2026-05-01T22:08:22.000+09:00","成立","matsu1984","筒井澪心","★★","OCHA NORMA FCイベント2026 ～OCHA NORMAの間9 アチアチ注意報♡恋のチョコレートティー～","1","為永幸音","★★","アンジュルムFCイベント2024 ～Angermerry Xmas～","2","為永幸音","★★","アンジュルムFCイベント2024 ～Angermerry Xmas～","0","平井美葉","★★","岡山県備前市×備YOOOOONDS Fanclub Tour in BE前の陣ZIN","4"
"2026-05-01T22:34:33.000+09:00","不成立","anamon","斉藤円香","★★","OCHA NORMA FCイベント2026 ～OCHA NORMAの間9 アチアチ注意報♡恋のチョコレートティー～","2","為永幸音","★★","アンジュルムFCイベント2024 ～Angermerry Xmas～","0","平井美葉","★★","岡山県備前市×備YOOOOONDS Fanclub Tour in BE前の陣ZIN","4","","","",""
"2026-05-01T23:27:44.000+09:00","成立","andu5","筒井澪心","★","Hello! Project SPRING TOUR 2025 Vol.6","1","前田こころ","★","Hello! Project SPRING TOUR 2025 Vol.5","1","井上玲音","★","Hello! Project SPRING TOUR 2025 Vol.3","1","","","",""
"2026-05-02T10:32:34.000+09:00","成立","udooooons","斉藤円香","★★","OCHA NORMA FCイベント2026 ～OCHA NORMAの間9 アチアチ注意報♡恋のチョコレートティー～","1","西田汐里","★★","BEYOOOOONDS FCイベント2025 ～クリスマスの陣ZIN～","1","","","","","","","",""
"2026-05-02T10:53:35.000+09:00","成立","JUNYJUNY","川嶋美楓","★★","Hello! Project SPRING TOUR 2025 Vol.3","2","平井美葉","★★","Hello! Project SPRING TOUR 2025 Vol.5","6","西﨑美空","★★","Hello! Project SPRING TOUR 2025 Vol.6","0","福田真琳","★★","Hello! Project SPRING TOUR 2025 Vol.4","1"
"2026-05-02T19:12:43.000+09:00","成立","outsidog48","段原瑠々","★★","Hello! Project SPRING TOUR 2025 Vol.3","1","福田真琳","★★","Hello! Project SPRING TOUR 2025 Vol.4","1","","","","","","","",""
"2026-05-02T21:01:32.000+09:00","申請中","HQ29hv5IrE","植村あかり","★★★","Hello! Project 2024 Winter 〜THREE OF US〜Vol.3","2","石井泉羽","★★★","Hello! Project SPRING TOUR 2025 Vol.4","1","羽賀朱音","★★★","Hello! Project SPRING TOUR 2025 Vol.1","1","豫風瑠乃","★★★","Hello! Project SPRING TOUR 2025 Vol.4","1"
"2026-05-03T00:02:47.000+09:00","成立","matsu1984","為永幸音","★★","Hello! Project Official Shop ＜Autumn＞ アンジュルム","2","為永幸音","★★","アンジュルムFCイベント2024 ～Angermerry Xmas～","2","為永幸音","★★","アンジュルムFCイベント2024 ～Angermerry Xmas～","0","","","",""
"2026-05-03T00:53:21.000+09:00","不成立","moi_naruse","斉藤円香","★","Hello! Project SPRING TOUR 2025 Vol.6","2","前田こころ","★","Hello! Project SPRING TOUR 2025 Vol.5","1","村田結生","★","Hello! Project SPRING TOUR 2025 Vol.4","0","","","",""
"2026-05-03T01:08:15.000+09:00","成立","sakuuuuunds","北川莉央","★","Hello! Project SPRING TOUR 2025 Vol.1","3","前田こころ","★","Hello! Project SPRING TOUR 2025 Vol.5","1","秋山眞緒","★","Hello! Project SPRING TOUR 2025 Vol.4","1","","","",""
"2026-05-03T01:26:10.000+09:00","成立","Nash","筒井澪心","★","Hello! Project SPRING TOUR 2025 Vol.6","1","中山夏月姫","★","Hello! Project SPRING TOUR 2025 Vol.6","0","","","","","","","",""
"2026-05-03T01:40:47.000+09:00","成立","sh0624morning23","米村姫良々","★★★","Hello! Project SPRING TOUR 2025 Vol.6","1","松本わかな","★★★","Hello! Project SPRING TOUR 2025 Vol.2","2","清野桃々姫","★★★","Hello! Project SPRING TOUR 2025 Vol.5","2","櫻井梨央","★★★","Hello! Project SPRING TOUR 2025 Vol.1","1"
"2026-05-03T10:28:16.000+09:00","不成立","PandaParadaisu","上國料萌衣","★★","Graduation 〜上國料萌衣 from アンジュルム〜","3","高瀬くるみ","★★","BEYOOOOONDS FCイベント2025 ～クリスマスの陣ZIN～","3","","","","","","","",""
"2026-05-03T12:36:52.000+09:00","キャンセル","hsymn","石山咲良","★★","Hello! Project SPRING TOUR 2025 Vol.3","3","北原もも","★★","Hello! Project SPRING TOUR 2025 Vol.6","1","","","","","","","",""
"2026-05-03T12:46:52.000+09:00","不成立","bach","川村文乃","★★★","Hello! Project 2024 Winter 〜THREE OF US〜Vol.2","3","前田こころ","★★★","Hello! Project SPRING TOUR 2025 Vol.5","2","入江里咲","★★★","Hello! Project SPRING TOUR 2025 Vol.3","1","松永里愛","★★★","Hello! Project SPRING TOUR 2025 Vol.3","1"
"2026-05-03T13:01:23.000+09:00","成立","MUSUME_OSHI","斉藤円香","★★★","Hello! Project SPRING TOUR 2025 Vol.6","2","櫻井梨央","★★★","Hello! Project SPRING TOUR 2025 Vol.1","1","","","","","","","",""
"2026-05-03T13:54:19.000+09:00","申請中","NKNB","植村あかり","★★★","Hello! Project 2024 Winter 〜THREE OF US〜Vol.3","1","斉藤円香","★★★","Hello! Project SPRING TOUR 2025 Vol.6","1","","","","","","","",""
"2026-05-03T14:57:58.000+09:00","成立","TBK_YAGINOMURA","前田こころ","★","Hello! Project SPRING TOUR 2025 Vol.5","1","村田結生","★","Hello! Project SPRING TOUR 2025 Vol.4","0","","","","","","","",""
"2026-05-03T18:50:08.000+09:00","不成立","ogino0822","佐々木莉佳子","★","Hello! Project 2024 Winter 〜THREE OF US〜Vol.2","1","前田こころ","★","Hello! Project SPRING TOUR 2025 Vol.5","1","平井美葉","★","Hello! Project SPRING TOUR 2025 Vol.5","10","工藤由愛","★","Hello! Project SPRING TOUR 2025 Vol.3","1"
"2026-05-04T01:08:02.000+09:00","不成立","Do1gwtDckj","佐々木莉佳子","★","Hello! Project 2024 Winter 〜THREE OF US〜Vol.2","0","井上玲音","★","Hello! Project SPRING TOUR 2025 Vol.3","1","平山遊季","★","Hello! Project SPRING TOUR 2025 Vol.2","1","北川莉央","★","Hello! Project SPRING TOUR 2025 Vol.1","1"
"2026-05-04T01:43:55.000+09:00","成立","Watww33","遠藤彩加里","★★★","Hello! Project 2024 Winter 〜THREE OF US〜Vol.3","1","平山遊季","★★★","Hello! Project SPRING TOUR 2025 Vol.2","1","","","","","","","",""
"2026-05-04T01:54:16.000+09:00","成立","hsymn","石山咲良","★★","Hello! Project SPRING TOUR 2025 Vol.3","3","北原もも","★★","Hello! Project SPRING TOUR 2025 Vol.6","1","","","","","","","",""
"2026-05-04T12:23:28.000+09:00","不成立","karendershonen","川村文乃","★★★","Hello! Project 2024 Winter 〜THREE OF US〜Vol.2","2","米村姫良々","★★★","Hello! Project SPRING TOUR 2025 Vol.6","1","井上玲音","★★★","Hello! Project SPRING TOUR 2025 Vol.3","4","中山夏月姫","★★★","Hello! Project SPRING TOUR 2025 Vol.6","1"
"2026-05-04T12:40:55.000+09:00","成立","E_I_J_I_25","羽賀朱音","★","Hello! Project SPRING TOUR 2025 Vol.1","2","平井美葉","★","Hello! Project SPRING TOUR 2025 Vol.5","10","米村姫良々","★","Hello! Project SPRING TOUR 2025 Vol.6","1","北原もも","★","Hello! Project SPRING TOUR 2025 Vol.6","0"
"2026-05-04T12:52:12.000+09:00","成立","Do1gwtDckj","佐々木莉佳子","★","Hello! Project 2024 Winter 〜THREE OF US〜Vol.2","0","横山玲奈","★","Hello! Project SPRING TOUR 2025 Vol.1","1","野中美希","★","Hello! Project SPRING TOUR 2025 Vol.1","1","","","",""
"2026-05-04T12:59:10.000+09:00","成立","turbo","横山玲奈","★★","Hello! Project AUTUMN TOUR 2024 Vol.1","2","有澤一華","★★","Hello! Project SPRING TOUR 2025 Vol.3","0","北原もも","★★","Hello! Project SPRING TOUR 2025 Vol.6","1","為永幸音","★★","Hello! Project SPRING TOUR 2025 Vol.2","1"
"2026-05-04T14:55:29.000+09:00","成立","Marine","横山玲奈","★","Hello! Project SPRING TOUR 2025 Vol.1","1","清野桃々姫","★","Hello! Project SPRING TOUR 2025 Vol.5","1","江口紗耶","★","Hello! Project SPRING TOUR 2025 Vol.5","1","福田真琳","★","Hello! Project SPRING TOUR 2025 Vol.4","1"
"2026-05-04T15:58:28.000+09:00","不成立","kumakuma180","川村文乃","★★★","Hello! Project 2024 Winter 〜THREE OF US〜Vol.2","2","川嶋美楓","★★★","Hello! Project SPRING TOUR 2025 Vol.3","2","井上玲音","★★★","Hello! Project SPRING TOUR 2025 Vol.3","4","小野田紗栞","★★★","Hello! Project SPRING TOUR 2025 Vol.4","1"
"2026-05-04T16:03:43.000+09:00","成立","ENGEL","佐々木莉佳子","★★★","Hello! Project 2024 Winter 〜THREE OF US〜Vol.2","0","岡村美波","★★★","Hello! Project SPRING TOUR 2025 Vol.5","1","","","","","","","",""
"2026-05-05T01:06:21.000+09:00","成立","2115mhr","川村文乃","★★★","Hello! Project 2024 Winter 〜THREE OF US〜Vol.2","0","里吉うたの","★★★","Hello! Project SPRING TOUR 2025 Vol.5","1","櫻井梨央","★★★","Hello! Project SPRING TOUR 2025 Vol.1","1","","","",""
"2026-05-05T01:22:40.000+09:00","成立","KARINTOU","江口紗耶","★","Hello! Project SPRING TOUR 2025 Vol.5","3","筒井澪心","★","Hello! Project SPRING TOUR 2025 Vol.6","1","","","","","","","",""
"2026-05-05T04:29:29.000+09:00","不成立","jupiterkz","田代すみれ","★","Hello! Project ひなフェス 2024 Vol.1","3","平山遊季","★","Hello! Project SPRING TOUR 2025 Vol.2","1","豫風瑠乃","★","Hello! Project SPRING TOUR 2025 Vol.4","1","","","",""
"2026-05-05T11:58:15.000+09:00","成立","riooshi0715","石栗奏美","★★★","Hello! Project SPRING TOUR 2024 Vol.6","1","前田こころ","★★★","Hello! Project SPRING TOUR 2025 Vol.5","2","清野桃々姫","★★★","Hello! Project SPRING TOUR 2025 Vol.5","2","櫻井梨央","★★★","Hello! Project SPRING TOUR 2025 Vol.1","1"
"2026-05-05T17:25:01.000+09:00","不成立","chillimi","田代すみれ","★★★","Hello! Project 2024 Winter 〜THREE OF US〜Vol.1","1","筒井澪心","★★★","Hello! Project SPRING TOUR 2025 Vol.6","2","橋迫鈴","★★★","Hello! Project SPRING TOUR 2025 Vol.2","1","川名凜","★★★","Hello! Project SPRING TOUR 2025 Vol.2","1"
"2026-05-05T17:29:33.000+09:00","キャンセル","Momomo","横山玲奈","★★★","Hello! Project 2024 Winter 〜THREE OF US〜Vol.1","2","筒井澪心","★★★","Hello! Project SPRING TOUR 2025 Vol.6","2","下井谷幸穂","★★★","Hello! Project SPRING TOUR 2025 Vol.2","1","北原もも","★★★","Hello! Project SPRING TOUR 2025 Vol.6","1"
"2026-05-05T17:32:31.000+09:00","成立","maKCKT8ZNL","牧野真莉愛","★★★","Hello! Project 2024 Winter 〜THREE OF US〜Vol.1","2","井上玲音","★★★","Hello! Project SPRING TOUR 2025 Vol.3","4","櫻井梨央","★★★","Hello! Project SPRING TOUR 2025 Vol.1","1","山﨑愛生","★★★","Hello! Project SPRING TOUR 2025 Vol.1","1"
"2026-05-05T18:26:07.000+09:00","成立","eagles74hiro","田代すみれ","★","Hello! Project ひなフェス 2024 Vol.1","1","筒井澪心","★","Hello! Project SPRING TOUR 2025 Vol.6","1","伊勢鈴蘭","★","Hello! Project SPRING TOUR 2025 Vol.2","1","石山咲良","★","Hello! Project SPRING TOUR 2025 Vol.3","0"
"2026-05-05T23:31:08.000+09:00","成立","7min","里吉うたの","★★★","Hello! Project SPRING TOUR 2025 Vol.5","2","岡村ほまれ","★★★","Hello! Project SPRING TOUR 2025 Vol.1","0","西﨑美空","★★★","Hello! Project SPRING TOUR 2025 Vol.6","1","","","",""
"2026-05-06T00:16:51.000+09:00","成立","krkrsukichan","横山玲奈","★★★","Hello! Project SPRING TOUR 2024 Vol.1","1","筒井澪心","★★★","Hello! Project SPRING TOUR 2025 Vol.6","2","中山夏月姫","★★★","Hello! Project SPRING TOUR 2025 Vol.6","1","川名凜","★★★","Hello! Project SPRING TOUR 2025 Vol.2","1"
"2026-05-06T00:41:07.000+09:00","成立","KuXZSF1L5Y","田代すみれ","★","Hello! Project SPRING TOUR 2024 Vol.6","1","松本わかな","★","Hello! Project SPRING TOUR 2025 Vol.2","0","江端妃咲","★","Hello! Project SPRING TOUR 2025 Vol.3","1","豫風瑠乃","★","Hello! Project SPRING TOUR 2025 Vol.4","1"
"2026-05-06T00:50:25.000+09:00","不成立","yakiniku_sushi_","八木栞","★★★","Hello! Project AUTUMN TOUR 2024 Vol.4","1","筒井澪心","★★★","Hello! Project SPRING TOUR 2025 Vol.6","2","橋迫鈴","★★★","Hello! Project SPRING TOUR 2025 Vol.2","1","後藤花","★★★","Hello! Project SPRING TOUR 2025 Vol.2","2"
"2026-05-06T00:58:08.000+09:00","不成立","jj_n0101","牧野真莉愛","★★★","Hello! Project SPRING TOUR 2024 Vol.1","4","筒井澪心","★★★","Hello! Project SPRING TOUR 2025 Vol.6","2","井上玲音","★★★","Hello! Project SPRING TOUR 2025 Vol.3","4","","","",""
"2026-05-06T01:12:24.000+09:00","不成立","WHvleBC3KD","川村文乃","★★","Hello! Project 2024 Winter 〜THREE OF US〜Vol.2","2","入江里咲","★★","Hello! Project SPRING TOUR 2025 Vol.3","1","小野瑞歩","★★","Hello! Project SPRING TOUR 2025 Vol.4","1","","","",""
"2026-05-06T11:39:26.000+09:00","不成立","Hugo_upfan","植村あかり","★★★","Hello! Project 2024 Winter 〜THREE OF US〜Vol.3","1","前田こころ","★★★","Hello! Project SPRING TOUR 2025 Vol.5","2","斉藤円香","★★★","Hello! Project SPRING TOUR 2025 Vol.6","1","","","",""
"2026-05-06T13:31:27.000+09:00","不成立","g83BWvrKgF","植村あかり","★★★","Hello! Project 2024 Winter 〜THREE OF US〜Vol.3","1","前田こころ","★★★","Hello! Project SPRING TOUR 2025 Vol.5","2","櫻井梨央","★★★","Hello! Project SPRING TOUR 2025 Vol.1","1","斉藤円香","★★★","Hello! Project SPRING TOUR 2025 Vol.6","1"
"2026-05-06T16:57:07.000+09:00","キャンセル","1PUeOBIc3E","牧野真莉愛","★★★","Hello! Project SPRING TOUR 2024 Vol.1","3","川嶋美楓","★★★","Hello! Project SPRING TOUR 2025 Vol.3","2","井上玲音","★★★","Hello! Project SPRING TOUR 2025 Vol.3","4","","","",""
"2026-05-06T17:05:19.000+09:00","成立","ENGEL","上國料萌衣","★★★","Graduation 〜上國料萌衣 from アンジュルム〜","0","上村麗菜","★★★","ロージークロニクル FCイベント2024 ～ Rosy Christmas! ～","0","","","","","","","",""
"2026-05-06T19:58:47.000+09:00","不成立","Wmavvbi5mK","植村あかり","★★★","Hello! Project 2024 Winter 〜THREE OF US〜Vol.3","1","前田こころ","★★★","Hello! Project AUTUMN TOUR 2024 Vol.5","1","前田こころ","★★★","Hello! Project SPRING TOUR 2025 Vol.5","2","","","",""
"2026-05-06T19:58:48.000+09:00","成立","ENGEL","横山玲奈","★★★","Hello! Project 2024 Winter 〜THREE OF US〜Vol.1","0","西﨑美空","★★★","Hello! Project SPRING TOUR 2025 Vol.6","1","","","","","","","",""
"2026-05-06T20:00:50.000+09:00","成立","ENGEL","上國料萌衣","★★★","アンジュルム 上國料萌衣FCイベント2025 ～ソングフォーユー！！～","0","橋迫鈴","★★★","竹内朱莉×アンジュルム 新春万福","0","","","","","","","",""
"2026-05-06T21:56:24.000+09:00","不成立","8nlQvQmAak","八木栞","★★★","Hello! Project AUTUMN TOUR 2024 Vol.4","1","川嶋美楓","★★★","Hello! Project SPRING TOUR 2025 Vol.3","2","後藤花","★★★","Hello! Project SPRING TOUR 2025 Vol.2","2","斉藤円香","★★★","Hello! Project SPRING TOUR 2025 Vol.6","1"
"2026-05-07T00:22:00.000+09:00","不成立","noriko","植村あかり","★★★","Hello! Project 2024 Winter 〜THREE OF US〜Vol.3","1","松永里愛","★★★","Hello! Project SPRING TOUR 2025 Vol.3","1","牧野真莉愛","★★★","Hello! Project SPRING TOUR 2025 Vol.1","1","","","",""
"2026-05-07T01:40:58.000+09:00","成立","bMlW6eQP2H","植村あかり","★★★","Hello! Project 2024 Winter 〜THREE OF US〜Vol.3","0","米村姫良々","★★★","Hello! Project SPRING TOUR 2025 Vol.6","0","筒井澪心","★★★","Hello! Project SPRING TOUR 2025 Vol.6","2","西﨑美空","★★★","Hello! Project SPRING TOUR 2025 Vol.6","1"
"2026-05-07T11:33:49.000+09:00","成立","wing1017","牧野真莉愛","★★★","Hello! Project AUTUMN TOUR 2024 Vol.1","1","筒井澪心","★★★","Hello! Project SPRING TOUR 2025 Vol.6","2","段原瑠々","★★★","Hello! Project SPRING TOUR 2025 Vol.3","1","伊勢鈴蘭","★★★","Hello! Project SPRING TOUR 2025 Vol.2","1"
"2026-05-07T17:10:03.000+09:00","成立","dz81fqZajl","段原瑠々","★★★","Hello! Project SPRING TOUR 2025 Vol.3","1","筒井澪心","★★★","Hello! Project SPRING TOUR 2025 Vol.6","2","櫻井梨央","★★★","Hello! Project SPRING TOUR 2025 Vol.1","1","","","",""
"2026-05-07T23:55:21.000+09:00","申請中","YIWVRMCd3X","牧野真莉愛","★★★","Hello! Project SPRING TOUR 2024 Vol.1","2","井上玲音","★★★","Hello! Project SPRING TOUR 2025 Vol.3","4","小野田紗栞","★★★","Hello! Project SPRING TOUR 2025 Vol.4","1","","","",""
"2026-05-08T00:18:56.000+09:00","申請中","utan","小田さくら","★★★","Hello! Project 2024 Winter 〜THREE OF US〜Vol.1","2","里吉うたの","★★★","Hello! Project SPRING TOUR 2025 Vol.5","1","中山夏月姫","★★★","Hello! Project SPRING TOUR 2025 Vol.6","1","川名凜","★★★","Hello! Project SPRING TOUR 2025 Vol.2","1"
"2026-05-08T00:32:06.000+09:00","申請中","himachan","小田さくら","★★★","Hello! Project SPRING TOUR 2024 Vol.1","2","河西結心","★★★","Hello! Project SPRING TOUR 2025 Vol.4","1","山﨑愛生","★★★","Hello! Project SPRING TOUR 2025 Vol.1","1","","","",""
"2026-05-08T01:25:27.000+09:00","申請中","NL4L1Gngo8","秋山眞緒","★★★","Hello! Project 2024 Winter 〜THREE OF US〜Vol.2","2","清野桃々姫","★★★","Hello! Project SPRING TOUR 2025 Vol.5","2","井上玲音","★★★","Hello! Project SPRING TOUR 2025 Vol.3","4","","","",""
"2026-05-08T01:32:22.000+09:00","申請中","_SHIOOOOONNU_","秋山眞緒","★★★","Hello! Project SPRING TOUR 2024 Vol.4","2","前田こころ","★★★","Hello! Project SPRING TOUR 2025 Vol.5","2","石井泉羽","★★★","Hello! Project SPRING TOUR 2025 Vol.4","1","橋迫鈴","★★★","Hello! Project SPRING TOUR 2025 Vol.2","1"